date posted (GMT),title,address,distance (km),price,post_url
"September 8, 2017 11:29 AM",2 BEDROOMS @ 57 Columbia St W * 1 MONTH FREE * Furnished,"57 Columbia St W, Waterloo, ON, N2L 3K4",1.387,$500.00,"<a href=""https://www.kijiji.ca/v-room-rental-roommate/kitchener-waterloo/2-bedrooms-57-columbia-st-w-1-month-free-furnished/1223871058"">link</a>"
"August 13, 2017 5:21 PM",LAST ROOM IS STUDENT HOUSING *females preferred,"Waterloo, ON N2L4B6",2.372,$480.00,"<a href=""https://www.kijiji.ca/v-room-rental-roommate/kitchener-waterloo/last-room-is-student-housing-females-preferred/1289186241"">link</a>"
"August 26, 2017 6:52 AM",Rooms available in the house Walking distance to both UW & WLU,"69 Cardill Crescent, Waterloo, ON N2L 3Y7, Canada",1.362,$425.00,"<a href=""https://www.kijiji.ca/v-room-rental-roommate/kitchener-waterloo/rooms-available-in-the-house-walking-distance-to-both-uw-wlu/1292519363"">link</a>"
"August 20, 2017 8:20 PM",SEPT 2017 STUDENT LEASE TAKEOVER,"64 Marshall St, Waterloo, ON N2J 2T4, Canada",1.721,$710.00,"<a href=""https://www.kijiji.ca/v-room-rental-roommate/kitchener-waterloo/sept-2017-student-lease-takeover/1291088393"">link</a>"
"August 12, 2017 4:43 PM",SEEKING SUBLET FOR NICE EXTRA LARGE ROOM,"21 Columbia St W, Waterloo, ON N2L 3K4, Canada",1.639,$665.00,"<a href=""https://www.kijiji.ca/v-room-rental-roommate/kitchener-waterloo/seeking-sublet-for-nice-extra-large-room/1288918879"">link</a>"
"August 23, 2017 3:45 PM",Sage Condos Ivy Towns 3 Waterloo 4 month lease Jan-May 2018,"336 Albert St, Waterloo, ON N2L 3T8, Canada",1.058,Please Contact,"<a href=""https://www.kijiji.ca/v-room-rental-roommate/kitchener-waterloo/sage-condos-ivy-towns-3-waterloo-4-month-lease-jan-may-2018/1291817154"">link</a>"
"September 2, 2017 5:46 PM",ROOM & MEALS /PRIVATE ROOM & OWN BATHROOM FOR RENT,"Waterloo, ON N2T2N5",3.166,"$1,250.00","<a href=""https://www.kijiji.ca/v-room-rental-roommate/kitchener-waterloo/room-meals-private-room-own-bathroom-for-rent/1244048540"">link</a>"
"August 14, 2017 2:44 PM",FEMALES room for rent close by WLU,"117 Noecker St, Waterloo, ON N2J 2R9, Canada",2.006,$500.00,"<a href=""https://www.kijiji.ca/v-room-rental-roommate/kitchener-waterloo/females-room-for-rent-close-by-wlu/1289398627"">link</a>"
"August 28, 2017 9:37 PM",Looking for Mature Student or Young Working Professional,"Waterloo, ON N2J2P2",2.7,$590.00,"<a href=""https://www.kijiji.ca/v-room-rental-roommate/kitchener-waterloo/looking-for-mature-student-or-young-working-professional/1293197645"">link</a>"
"September 2, 2017 5:23 AM",FOR ANYONE STILL LOOKING FOR A PLACE TO RENT,"202 Lester St, Waterloo, ON N2L 3W4, Canada",0.696,$635.00,"<a href=""https://www.kijiji.ca/v-room-rental-roommate/kitchener-waterloo/for-anyone-still-looking-for-a-place-to-rent/1294314077"">link</a>"
"September 4, 2017 3:32 PM",Rooms in new semi-detached house available Sept 15th,"Waterloo, ON N2T",3.022,$550.00,"<a href=""https://www.kijiji.ca/v-room-rental-roommate/kitchener-waterloo/rooms-in-new-semi-detached-house-available-sept-15th/1294898682"">link</a>"
"August 15, 2017 5:11 PM",Rooms for rent! Between UoW and WLU,"253 Sunview St, Waterloo, ON N2L 3V8, Canada",0.756,$425.00,"<a href=""https://www.kijiji.ca/v-room-rental-roommate/kitchener-waterloo/rooms-for-rent-between-uow-and-wlu/1289758591"">link</a>"
"September 6, 2017 10:53 PM",Large Room for Rent near Universities In Kitchener Waterloo ',"125 Lincoln Rd, Waterloo, ON N2J 2N9, Canada",2.335,$500.00,"<a href=""https://www.kijiji.ca/v-room-rental-roommate/kitchener-waterloo/large-room-for-rent-near-universities-in-kitchener-waterloo/1295625109"">link</a>"
"August 21, 2017 5:20 PM",Rooms for Rent Hazel St.,"313 Old Post Rd, Waterloo, ON N2L 5P3, Canada",1.334,$450.00,"<a href=""https://www.kijiji.ca/v-room-rental-roommate/kitchener-waterloo/rooms-for-rent-hazel-st/1291297169"">link</a>"
"September 9, 2017 2:20 AM",511 Albert Street - 4 Bedroom Apartments,"511 Albert St, Waterloo, ON N2L 5A7, Canada",1.942,$400.00,"<a href=""https://www.kijiji.ca/v-room-rental-roommate/kitchener-waterloo/511-albert-street-4-bedroom-apartments/588000112"">link</a>"
"September 1, 2017 8:44 PM",Looking for a last minute place? Room available immediately,"Waterloo, ON N2L1W3",1.369,$490.00,"<a href=""https://www.kijiji.ca/v-room-rental-roommate/kitchener-waterloo/looking-for-a-last-minute-place-room-available-immediately/1294231952"">link</a>"
"August 15, 2017 5:03 PM",Rooms 4 rent! Close to WLU & Conestoga College WATERLOO Campus,"155 University Ave, Waterloo, ON N2J 2W4, Canada",2.515,$400.00,"<a href=""https://www.kijiji.ca/v-room-rental-roommate/kitchener-waterloo/rooms-4-rent-close-to-wlu-conestoga-college-waterloo-campus/1289756144"">link</a>"
"August 31, 2017 12:28 AM",STILL AVAILABLE near U of W no lease all utilities,"Waterloo, ON N2L5N4",1.802,$425.00,"<a href=""https://www.kijiji.ca/v-room-rental-roommate/kitchener-waterloo/still-available-near-u-of-w-no-lease-all-utilities/1293780414"">link</a>"
"August 15, 2017 11:56 PM",One Month FREE at 202 Lester St Unit 602,"Waterloo, ON N2L3W6",0.633,$583.00,"<a href=""https://www.kijiji.ca/v-room-rental-roommate/kitchener-waterloo/one-month-free-at-202-lester-st-unit-602/1289869552"">link</a>"
"August 19, 2017 9:54 PM",All-Inclusive Clean Room Available from January 2018,"54-121 University Ave, Waterloo, ON N2J 4J1, Canada",2.195,$500.00,"<a href=""https://www.kijiji.ca/v-room-rental-roommate/kitchener-waterloo/all-inclusive-clean-room-available-from-january-2018/1290876886"">link</a>"
"August 21, 2017 6:56 PM",5 BEDROOM STUDENT HOUSE AVAILABLE SEPT 1ST!!!,"54 Dorset St, Waterloo, ON N2L 3L8, Canada",1.378,$495.00,"<a href=""https://www.kijiji.ca/v-room-rental-roommate/kitchener-waterloo/5-bedroom-student-house-available-sept-1st/1291323592"">link</a>"
"September 1, 2017 12:57 AM",3 Bedroom Lower Unit - Albert & Columbia,"Waterloo, ON N2L3Y4",1.434,"$1,100.00","<a href=""https://www.kijiji.ca/v-room-rental-roommate/kitchener-waterloo/3-bedroom-lower-unit-albert-columbia/1293994294"">link</a>"
"August 17, 2017 8:08 AM",TOURS THUR 24 - SUN. 27.(12 & 6 P.M.) - Co-ed Student Rental,"Waterloo, ON N2L5H3",1.015,$625.00,"<a href=""https://www.kijiji.ca/v-room-rental-roommate/kitchener-waterloo/tours-thur-24-sun-27-12-6-p-m-co-ed-student-rental/1290187136"">link</a>"
"September 4, 2017 10:08 PM",close to U of W/ 425 all in/ no lease,"Waterloo, ON N2L5N4",1.802,$425.00,"<a href=""https://www.kijiji.ca/v-room-rental-roommate/kitchener-waterloo/close-to-u-of-w-425-all-in-no-lease/1295059684"">link</a>"
"September 7, 2017 8:17 PM",Great furnished room for rent (All included) near UW campus,"Waterloo, ON N2L6B4",1.873,$480.00,"<a href=""https://www.kijiji.ca/v-room-rental-roommate/kitchener-waterloo/great-furnished-room-for-rent-all-included-near-uw-campus/1295854053"">link</a>"
"September 1, 2017 4:37 PM",Female Only House Onsite Laundry n All Utilities Incl.,"Waterloo, ON N2L4W3",2.565,$490.00,"<a href=""https://www.kijiji.ca/v-room-rental-roommate/kitchener-waterloo/female-only-house-onsite-laundry-n-all-utilities-incl/1294166801"">link</a>"
"August 20, 2017 5:56 AM",Bauer Lofts 1 bedroom for rent in 2 bed 2 bath,"Waterloo, ON N2J1R1",2.106,"$1,200.00","<a href=""https://www.kijiji.ca/v-room-rental-roommate/kitchener-waterloo/bauer-lofts-1-bedroom-for-rent-in-2-bed-2-bath/1290919909"">link</a>"
"August 30, 2017 6:28 PM",Female Only House ALL Utilities Onsite Laundry Incl. Waterloo,"Waterloo, ON N2L4W3",2.565,$490.00,"<a href=""https://www.kijiji.ca/v-room-rental-roommate/kitchener-waterloo/female-only-house-all-utilities-onsite-laundry-incl-waterloo/1293684400"">link</a>"
"August 15, 2017 12:54 PM",Waterloo students: all inclusive large clean room,"Waterloo, ON N2L4G1",2.46,$599.00,"<a href=""https://www.kijiji.ca/v-room-rental-roommate/kitchener-waterloo/waterloo-students:-all-inclusive-large-clean-room/1289684637"">link</a>"
"August 15, 2017 2:33 AM","148 Bridgeport Rd, Waterloo - Rooms For Rent, Close to Uptown","148 Bridgeport Rd E, Waterloo, ON N2J 2K4, Canada",2.577,$500.00,"<a href=""https://www.kijiji.ca/v-room-rental-roommate/kitchener-waterloo/148-bridgeport-rd-waterloo-rooms-for-rent-close-to-uptown/1082125302"">link</a>"
"September 5, 2017 10:03 PM",ONE LAST FEMALE ONLY ROOM @ 81 COLUMBIA- 3 MONTHS FREE,"81 Columbia Street W, Waterloo, ON, N2L 3K7",1.222,$595.00,"<a href=""https://www.kijiji.ca/v-room-rental-roommate/kitchener-waterloo/one-last-female-only-room-81-columbia-3-months-free/1285847428"">link</a>"
"August 14, 2017 9:46 PM",55 COLUMBIA GREAT LOCATION TO BOTH UNIVERSITIES,"55 Columbia St W, Waterloo, ON N2L 3K4, Canada",1.401,$500.00,"<a href=""https://www.kijiji.ca/v-room-rental-roommate/kitchener-waterloo/55-columbia-great-location-to-both-universities/1289526659"">link</a>"
"September 4, 2017 4:34 AM",Room for rent near Wilfrid Laurier University,"Waterloo, ON N2J2S2",1.925,$500.00,"<a href=""https://www.kijiji.ca/v-room-rental-roommate/kitchener-waterloo/room-for-rent-near-wilfrid-laurier-university/1294817042"">link</a>"
"August 25, 2017 11:26 AM",STUDENT ROOMS  * 1 FREE MONTH * FREE UTILITIES * 303 WESTCOURT,"303 Westcourt Pl, Waterloo, ON, N2L 6P5",0.804,$550.00,"<a href=""https://www.kijiji.ca/v-room-rental-roommate/kitchener-waterloo/student-rooms-1-free-month-free-utilities-303-westcourt/1262447618"">link</a>"
"September 8, 2017 11:29 AM",LARGE STUDENT ROOM  * 1 MONTH FREE * FURNISHED * 64 CARDILL CRES,"64 Cardill Crescent, Waterloo, ON, N2L 3Y8",1.415,$565.00,"<a href=""https://www.kijiji.ca/v-room-rental-roommate/kitchener-waterloo/large-student-room-1-month-free-furnished-64-cardill-cres/1223871060"">link</a>"
"August 11, 2017 2:49 AM",STUDENT ROOM FOR RENT STARTING  1st OF SEPTEMBER 2017,"372 Churchill Ct, Waterloo, ON N2L 6B4, Canada",1.777,$380.00,"<a href=""https://www.kijiji.ca/v-room-rental-roommate/kitchener-waterloo/student-room-for-rent-starting-1st-of-september-2017/1288570943"">link</a>"
"August 10, 2017 11:58 PM","ROOMMATE WANTED: Sublet, Furnished 2 bdr apt,. King & Regina","300 Regina St N, Waterloo, ON N2J 3C1, Canada",1.705,$650.00,"<a href=""https://www.kijiji.ca/v-room-rental-roommate/kitchener-waterloo/roommate-wanted:-sublet-furnished-2-bdr-apt-king-regina/1288537639"">link</a>"
"September 6, 2017 8:15 PM",3 Bedroom Lower Unit - Albert/Columbia,"Waterloo, ON N2L3Y8",1.432,"$1,300.00","<a href=""https://www.kijiji.ca/v-room-rental-roommate/kitchener-waterloo/3-bedroom-lower-unit-albert-columbia/1295583744"">link</a>"
"August 10, 2017 3:23 PM",One Month Free! Room Rentals Fall 2017,"271 Lester St, Waterloo, ON N2L 3W6, Canada",0.706,$670.00,"<a href=""https://www.kijiji.ca/v-room-rental-roommate/kitchener-waterloo/one-month-free-room-rentals-fall-2017/1288398621"">link</a>"
"September 1, 2017 11:07 AM","Room available, Sunnydale Place Waterloo","511 Sunnydale Pl, Waterloo, ON N2L 4S8, Canada",2.024,$425.00,"<a href=""https://www.kijiji.ca/v-room-rental-roommate/kitchener-waterloo/room-available-sunnydale-place-waterloo/1294080505"">link</a>"
"September 8, 2017 4:32 PM",Inclusive in a Great House VERY close to Universities !,"122 Columbia St W, Waterloo, ON N2L 3W6, Canada",0.989,Please Contact,"<a href=""https://www.kijiji.ca/v-room-rental-roommate/kitchener-waterloo/inclusive-in-a-great-house-very-close-to-universities/1296053829"">link</a>"
"August 23, 2017 3:58 PM",Student Rental - in Waterloo,"40 High St, Waterloo, ON N2L 3X8, Canada",1.565,$500.00,"<a href=""https://www.kijiji.ca/v-room-rental-roommate/kitchener-waterloo/student-rental-in-waterloo/1291822194"">link</a>"
"September 4, 2017 4:42 AM",Urgent : a single room spacious available for a student,"Waterloo, ON N2L6G9",0.592,$489.00,"<a href=""https://www.kijiji.ca/v-room-rental-roommate/kitchener-waterloo/urgent-:-a-single-room-spacious-available-for-a-student/1294798286"">link</a>"
"August 24, 2017 8:29 PM","1 room available for Fall, Sept-Apr 2018!","549 Havelock Dr, Waterloo, ON N2L 4Z1, Canada",2.811,$550.00,"<a href=""https://www.kijiji.ca/v-room-rental-roommate/kitchener-waterloo/1-room-available-for-fall-sept-apr-2018/1259123361"">link</a>"
"September 6, 2017 3:19 PM",basement for rent in waterloo all inclusive,"Waterloo, ON N2J4Z7",2.781,$800.00,"<a href=""https://www.kijiji.ca/v-room-rental-roommate/kitchener-waterloo/basement-for-rent-in-waterloo-all-inclusive/1295494763"">link</a>"
"August 30, 2017 11:27 PM",Conestoga Commons room sublet (females only),"Kitchener, ON N2L3H5",1.391,$505.00,"<a href=""https://www.kijiji.ca/v-room-rental-roommate/kitchener-waterloo/conestoga-commons-room-sublet-females-only/1293765724"">link</a>"
"September 5, 2017 10:03 PM",2 M O N T H S F R E E @ 316 KING,"316 King, Waterloo, ON, N2J 2Z2",1.646,$595.00,"<a href=""https://www.kijiji.ca/v-room-rental-roommate/kitchener-waterloo/2-m-o-n-t-h-s-f-r-e-e-316-king/1285850281"">link</a>"
"August 24, 2017 12:58 PM","1 room for rent near UW and WLU, 1 year rental","Waterloo, ON N2L3R8",1.166,$500.00,"<a href=""https://www.kijiji.ca/v-room-rental-roommate/kitchener-waterloo/1-room-for-rent-near-uw-and-wlu-1-year-rental/1292038143"">link</a>"
"September 7, 2017 12:06 AM",Urgent: Lease takeover: 268 Phillips St.,"268 Phillip St, Waterloo, ON N2L 6G9, Canada",0.603,$505.00,"<a href=""https://www.kijiji.ca/v-room-rental-roommate/kitchener-waterloo/urgent:-lease-takeover:-268-phillips-st/1295643837"">link</a>"
"September 6, 2017 12:53 AM","4 or 12 month rent - Furnished, All Utilities included","121 University Ave E, Waterloo, ON N2J 4J1, Canada",2.269,$580.00,"<a href=""https://www.kijiji.ca/v-room-rental-roommate/kitchener-waterloo/4-or-12-month-rent-furnished-all-utilities-included/1295382167"">link</a>"
"August 29, 2017 5:01 PM",Looking for specious room to rent,"Waterloo, ON N2J4J1",2.24,$450.00,"<a href=""https://www.kijiji.ca/v-room-rental-roommate/kitchener-waterloo/looking-for-specious-room-to-rent/1293392668"">link</a>"
"September 5, 2017 4:37 PM",Rooms in a Great House - All Inclusive & close to Universities !,"122 Columbia St W, Waterloo, ON N2L 3W6, Canada",0.989,Please Contact,"<a href=""https://www.kijiji.ca/v-room-rental-roommate/kitchener-waterloo/rooms-in-a-great-house-all-inclusive-close-to-universities/1295241788"">link</a>"
"August 10, 2017 3:10 PM",One Month Free! Room Rentals Fall 2017,"251 Lester St, Waterloo, ON N2L 3W6, Canada",0.647,$675.00,"<a href=""https://www.kijiji.ca/v-room-rental-roommate/kitchener-waterloo/one-month-free-room-rentals-fall-2017/1288394843"">link</a>"
"August 29, 2017 5:53 AM",Luxe 1 - King Towers,"333 King St N, Waterloo, ON N2J 2Z1, Canada",1.634,$635.00,"<a href=""https://www.kijiji.ca/v-room-rental-roommate/kitchener-waterloo/luxe-1-king-towers/1293257107"">link</a>"
"August 11, 2017 1:42 AM",Newly renovated Main floor bedrooms for rent close to UW,"Waterloo, ON N2L5H3",1.015,$550.00,"<a href=""https://www.kijiji.ca/v-room-rental-roommate/kitchener-waterloo/newly-renovated-main-floor-bedrooms-for-rent-close-to-uw/1288559472"">link</a>"
"August 31, 2017 1:43 PM",Female Only House Waterloo All Incl. wt Onsite Laundry,"Kitchener, ON N2L4W3",2.565,$490.00,"<a href=""https://www.kijiji.ca/v-room-rental-roommate/kitchener-waterloo/female-only-house-waterloo-all-incl-wt-onsite-laundry/1293867056"">link</a>"
"August 23, 2017 11:05 PM",Two bedrooms in basement near UW/WLU,"351 Anatolin Pl, Waterloo, ON N2L 5G9, Canada",1.389,$600.00,"<a href=""https://www.kijiji.ca/v-room-rental-roommate/kitchener-waterloo/two-bedrooms-in-basement-near-uw-wlu/1291912687"">link</a>"
"August 19, 2017 1:06 PM","ROOM FOR SEPT, FOR STUDENTS OR WORKING PPL,ALL INCLUSIVE","41 Helene Crescent, Waterloo, ON N2L 5E6, Canada",1.431,$500.00,"<a href=""https://www.kijiji.ca/v-room-rental-roommate/kitchener-waterloo/room-for-sept-for-students-or-working-ppl-all-inclusive/1290725001"">link</a>"
"September 9, 2017 5:40 AM",single room sublet near University of Waterloo,"Waterloo, ON N2L3E7",0.477,$550.00,"<a href=""https://www.kijiji.ca/v-room-rental-roommate/kitchener-waterloo/single-room-sublet-near-university-of-waterloo/1296203960"">link</a>"
"August 10, 2017 3:44 PM","Student Rental Shared Space 2 Private Bedrooms, All Inclusive","545 Park St, Kitchener, ON N2G 1N8, Canada",2.508,$450.00,"<a href=""https://www.kijiji.ca/v-room-rental-roommate/kitchener-waterloo/student-rental-shared-space-2-private-bedrooms-all-inclusive/1288404976"">link</a>"
"August 14, 2017 9:29 PM",16 COLUMBIA SEPTEMBER STUDENT RENTAL,"16 Columbia St W, Waterloo, ON N2L 3K3, Canada",1.683,$535.00,"<a href=""https://www.kijiji.ca/v-room-rental-roommate/kitchener-waterloo/16-columbia-september-student-rental/1289522279"">link</a>"
"September 4, 2017 6:40 PM",SEPT FREE!! Student Ensuite Bathtub! Unlimited WiFi & Utilities!,"75 Columbia St W, Waterloo, ON N2L 3K7, Canada",1.28,$599.00,"<a href=""https://www.kijiji.ca/v-room-rental-roommate/kitchener-waterloo/sept-free-student-ensuite-bathtub-unlimited-wifi-utilities/1294978938"">link</a>"
"September 4, 2017 7:33 PM",nice clean room in a three bedrooms apartment for rent,"230 Cedarbrae Ave, Waterloo, ON N2L 4S7, Canada",2.098,$415.00,"<a href=""https://www.kijiji.ca/v-room-rental-roommate/kitchener-waterloo/nice-clean-room-in-a-three-bedrooms-apartment-for-rent/1295002543"">link</a>"
"August 13, 2017 2:05 AM",Walking distance to UW!! Cozy and nice rooms $400.00 ONLY!!,"197 Corrie Crescent, Waterloo, ON N2L 5W3, Canada",1.768,$400.00,"<a href=""https://www.kijiji.ca/v-room-rental-roommate/kitchener-waterloo/walking-distance-to-uw-cozy-and-nice-rooms-400-00-only/1289072894"">link</a>"
"September 7, 2017 2:22 PM","5BDRM 4BATH UNIT 5-minute-walk to UW, Utility Inclusive, Jan 1","Waterloo, ON N2L2R7",0.793,$530.00,"<a href=""https://www.kijiji.ca/v-room-rental-roommate/kitchener-waterloo/5bdrm-4bath-unit-5-minute-walk-to-uw-utility-inclusive-jan-1/1288191509"">link</a>"
"August 11, 2017 7:22 PM","$450/month,all including,near two universities","197 Carter Ave, Waterloo, ON N2J 3K5, Canada",2.327,$450.00,"<a href=""https://www.kijiji.ca/v-room-rental-roommate/kitchener-waterloo/450-month-all-including-near-two-universities/1288729155"">link</a>"
"August 10, 2017 3:12 PM",One Month FREE on Student Rentals | Waterloo Fall 2017,"261 Lester St, Waterloo, ON N2L 3W6, Canada",0.671,$675.00,"<a href=""https://www.kijiji.ca/v-room-rental-roommate/kitchener-waterloo/one-month-free-on-student-rentals-waterloo-fall-2017/1288395444"">link</a>"
"September 4, 2017 8:32 PM",Rooms near universities - 4 or 8 month terms available,"121 University Ave E, Waterloo, ON N2J 4J1, Canada",2.269,$500.00,"<a href=""https://www.kijiji.ca/v-room-rental-roommate/kitchener-waterloo/rooms-near-universities-4-or-8-month-terms-available/1295026502"">link</a>"
"August 22, 2017 12:02 AM",Two Months Free at 253 Lester St Unit 204!,"253 Lester St, Waterloo, ON N2L 3W6, Canada",0.667,$563.00,"<a href=""https://www.kijiji.ca/v-room-rental-roommate/kitchener-waterloo/two-months-free-at-253-lester-st-unit-204/1285731061"">link</a>"
"August 15, 2017 10:25 PM",Room for rent,"Waterloo, ON N2J1K7",1.991,$475.00,"<a href=""https://www.kijiji.ca/v-room-rental-roommate/kitchener-waterloo/room-for-rent/1289846932"">link</a>"
"September 8, 2017 1:18 PM","rooms for rent in waterloo for $430  near WLU , transit","Waterloo, ON N2J2S2",1.925,$430.00,"<a href=""https://www.kijiji.ca/v-room-rental-roommate/kitchener-waterloo/rooms-for-rent-in-waterloo-for-430-near-wlu-transit/1295998690"">link</a>"
"September 6, 2017 6:04 PM",Bright clean room for rent - $450 all inclusive,"Waterloo, ON N2J3K9",2.429,$450.00,"<a href=""https://www.kijiji.ca/v-room-rental-roommate/kitchener-waterloo/bright-clean-room-for-rent-450-all-inclusive/1295544821"">link</a>"
"September 7, 2017 2:20 PM",Great Room For Rent,"Waterloo, ON N2L3K8",1.011,Please Contact,"<a href=""https://www.kijiji.ca/v-room-rental-roommate/kitchener-waterloo/great-room-for-rent/1295748148"">link</a>"
"September 8, 2017 11:29 AM",FURNISHED STUDENT BEDROOM RENTALS * ONLY $445 with 1 MONTH FREE!,"400 Albert St, Waterloo, ON, N2L 3V3",1.315,$445.00,"<a href=""https://www.kijiji.ca/v-room-rental-roommate/kitchener-waterloo/furnished-student-bedroom-rentals-only-445-with-1-month-free/1223871031"">link</a>"
"September 7, 2017 3:26 PM",3 Bed Detached House (Female Preferred) is available for sharing,"404 Tealby Crescent, Waterloo, ON N2J 4Y8, Canada",2.928,$500.00,"<a href=""https://www.kijiji.ca/v-room-rental-roommate/city-of-toronto/3-bed-detached-house-female-preferred-is-available-for-sharing/1295767965"">link</a>"
"August 12, 2017 11:57 PM","Rooms to rent, Newly renovated, new beds and mattreses","511 Weber St N, Waterloo, ON N2L 4G1, Canada",2.447,$599.00,"<a href=""https://www.kijiji.ca/v-room-rental-roommate/kitchener-waterloo/rooms-to-rent-newly-renovated-new-beds-and-mattreses/1289051589"">link</a>"
"August 18, 2017 8:14 PM",Room for rent at 2 bedroom appartment-Fully furnished!,"55 Hickory St E, Waterloo, ON N2J 3J5, Canada",1.823,$650.00,"<a href=""https://www.kijiji.ca/v-room-rental-roommate/kitchener-waterloo/room-for-rent-at-2-bedroom-appartment-fully-furnished/1290596994"">link</a>"
"August 10, 2017 3:14 PM",One Month FREE on Student Rentals | Waterloo Fall 2017,"253 Lester St, Waterloo, ON N2L 3W6, Canada",0.667,$675.00,"<a href=""https://www.kijiji.ca/v-room-rental-roommate/kitchener-waterloo/one-month-free-on-student-rentals-waterloo-fall-2017/1288396151"">link</a>"
"September 4, 2017 9:18 PM",Looking for female roommate for Sept 16th,"94 John St W, Waterloo, ON N2L 1C1, Canada",2.189,$600.00,"<a href=""https://www.kijiji.ca/v-room-rental-roommate/kitchener-waterloo/looking-for-female-roommate-for-sept-16th/1295043787"">link</a>"
"August 19, 2017 9:16 PM",Large rooms in beautiful home. Nobody is closer to campus!,"149 Albert St, Waterloo, ON N2L 3T2, Canada",0.967,$750.00,"<a href=""https://www.kijiji.ca/v-room-rental-roommate/kitchener-waterloo/large-rooms-in-beautiful-home-nobody-is-closer-to-campus/1290823322"">link</a>"
"September 5, 2017 4:05 PM",These beautiful 5 bedroom units are available for September 2017,"36-40 University Ave, Waterloo, ON, N2J 2V8",1.727,$525.00,"<a href=""https://www.kijiji.ca/v-room-rental-roommate/kitchener-waterloo/these-beautiful-5-bedroom-units-are-available-for-september-2017/1235961361"">link</a>"
"September 7, 2017 8:25 PM",LEASE TAKEOVER,"339 King St N, Waterloo, ON N2J 2Z1, Canada",1.672,$625.00,"<a href=""https://www.kijiji.ca/v-room-rental-roommate/kitchener-waterloo/lease-takeover/1295849254"">link</a>"
"September 3, 2017 7:45 PM",Female Only House Waterloo ALL Incl. wt Onsite Laundry,"Waterloo, ON N2L4W3",2.565,$490.00,"<a href=""https://www.kijiji.ca/v-room-rental-roommate/kitchener-waterloo/female-only-house-waterloo-all-incl-wt-onsite-laundry/1294708883"">link</a>"
"September 7, 2017 7:53 PM","Room❤️ $60/day, $280/week, $700/month - short & long terms","Waterloo, ON N2V",3.222,$70.00,"<a href=""https://www.kijiji.ca/v-room-rental-roommate/kitchener-waterloo/room-60-day-280-week-700-month-short-long-terms/1295812308"">link</a>"
"August 22, 2017 8:43 PM",1 year rental room near UW and WLU,"Waterloo, ON N2L3R8",1.166,$500.00,"<a href=""https://www.kijiji.ca/v-room-rental-roommate/kitchener-waterloo/1-year-rental-room-near-uw-and-wlu/1291631116"">link</a>"
"August 31, 2017 12:49 AM",Female 4 bedroom basement 2 bath Waterloo Laurier Conestoga,"106 Peppler St, Waterloo, ON N2J 3C8, Canada",1.681,$400.00,"<a href=""https://www.kijiji.ca/v-room-rental-roommate/kitchener-waterloo/female-4-bedroom-basement-2-bath-waterloo-laurier-conestoga/1279273386"">link</a>"
"September 1, 2017 2:38 AM",425 near U of W no lease all utilities,"Waterloo, ON N2L5N4",1.802,$425.00,"<a href=""https://www.kijiji.ca/v-room-rental-roommate/kitchener-waterloo/425-near-u-of-w-no-lease-all-utilities/1294061371"">link</a>"
"August 11, 2017 1:12 AM","5BDRM 4BATH UNIT 5-minute-walk to UW, Utility Inclusive, Jan. 1","Waterloo, ON N2L2R7",0.793,$530.00,"<a href=""https://www.kijiji.ca/v-room-rental-roommate/kitchener-waterloo/5bdrm-4bath-unit-5-minute-walk-to-uw-utility-inclusive-jan-1/1288553470"">link</a>"
"August 20, 2017 1:58 PM",Rooms to rent near UW and on I-Xpress 200 bus stop from Sept 1,"Waterloo, ON N2L4S1",2.272,$425.00,"<a href=""https://www.kijiji.ca/v-room-rental-roommate/kitchener-waterloo/rooms-to-rent-near-uw-and-on-i-xpress-200-bus-stop-from-sept-1/1290980205"">link</a>"
"August 15, 2017 9:07 PM",ROOM AVAILABLE NOW,"Waterloo, ON N2J1E9",2.295,$650.00,"<a href=""https://www.kijiji.ca/v-room-rental-roommate/kitchener-waterloo/room-available-now/1289826848"">link</a>"
"August 11, 2017 2:31 PM","Student Rooms for Rent, Free Internet, Fantastic Location!","40 Laurel St, Waterloo, ON N2J 2H2, Canada",1.899,$385.00,"<a href=""https://www.kijiji.ca/v-room-rental-roommate/kitchener-waterloo/student-rooms-for-rent-free-internet-fantastic-location/1288642836"">link</a>"
"September 4, 2017 6:59 AM",Rooms with AC & free WiFi on University Rd near Uni/Weber,"265 Glenridge Dr, Waterloo, ON N2J 3W5, Canada",2.691,$400.00,"<a href=""https://www.kijiji.ca/v-room-rental-roommate/kitchener-waterloo/rooms-with-ac-free-wifi-on-university-rd-near-uni-weber/1294823675"">link</a>"
"August 22, 2017 7:42 PM",1 room left for renting (available now),"512 Glendene Crescent, Waterloo, ON N2L 4P4, Canada",2.658,$500.00,"<a href=""https://www.kijiji.ca/v-room-rental-roommate/kitchener-waterloo/1-room-left-for-renting-available-now/1291614110"">link</a>"
"August 26, 2017 12:11 PM","Discount price for students, super affordable","Waterloo, ON N2L3S8",1.136,$415.00,"<a href=""https://www.kijiji.ca/v-room-rental-roommate/mississauga-peel-region/discount-price-for-students-super-affordable/1292539103"">link</a>"
"September 4, 2017 12:47 AM","All Inclusive, Furnished Room for Rent","121 University Ave E, Waterloo, ON N2J 4J1, Canada",2.269,$580.00,"<a href=""https://www.kijiji.ca/v-room-rental-roommate/kitchener-waterloo/all-inclusive-furnished-room-for-rent/1294784488"">link</a>"
"August 9, 2017 5:39 PM",1 bedroom in quiet shared house -Male Only Please,"391 Churchill Ct, Waterloo, ON N2L 6B4, Canada",1.912,$550.00,"<a href=""https://www.kijiji.ca/v-room-rental-roommate/kitchener-waterloo/1-bedroom-in-quiet-shared-house-male-only-please/1288174578"">link</a>"
"August 25, 2017 4:18 PM",22 Columbia St $545/mo,"22 Columbia St W, Waterloo, ON N2L 3K3, Canada",1.656,$545.00,"<a href=""https://www.kijiji.ca/v-room-rental-roommate/kitchener-waterloo/22-columbia-st-545-mo/1124399593"">link</a>"
"September 4, 2017 1:32 PM",ALL-INCLUSIVE-FULLY-FURNISHED,"Waterloo, ON N2J4H5",1.899,$575.00,"<a href=""https://www.kijiji.ca/v-room-rental-roommate/kitchener-waterloo/all-inclusive-fully-furnished/1294855560"">link</a>"
"August 29, 2017 8:27 PM",Roommate wanted - Two bedroom apartment in lower unit Oct 1st,"Waterloo, ON N2L3X8",1.482,$380.00,"<a href=""https://www.kijiji.ca/v-room-rental-roommate/kitchener-waterloo/roommate-wanted-two-bedroom-apartment-in-lower-unit-oct-1st/1293450307"">link</a>"
"August 23, 2017 5:33 PM",House Available Sept. 1,"Waterloo, ON N2J4E6",2.211,$425.00,"<a href=""https://www.kijiji.ca/v-room-rental-roommate/kitchener-waterloo/house-available-sept-1/1291850721"">link</a>"
"August 24, 2017 4:13 PM",Uptown House Available for Students,"38 Laurel St, Waterloo, ON N2J 2H2, Canada",1.892,$475.00,"<a href=""https://www.kijiji.ca/v-room-rental-roommate/kitchener-waterloo/uptown-house-available-for-students/1292091891"">link</a>"
"August 29, 2017 6:07 PM",HUGE 17 Feet Long Student Rooms! 1 min to WLU! Free WiFi! $495,"Waterloo, ON N2L3M6",1.535,$495.00,"<a href=""https://www.kijiji.ca/v-room-rental-roommate/kitchener-waterloo/huge-17-feet-long-student-rooms-1-min-to-wlu-free-wifi-495/1293411266"">link</a>"
"September 5, 2017 12:56 PM",Rooms or a  House - All Inclusive close to Universities !,"122 Columbia St W, Waterloo, ON N2L 3W6, Canada",0.989,Please Contact,"<a href=""https://www.kijiji.ca/v-room-rental-roommate/kitchener-waterloo/rooms-or-a-house-all-inclusive-close-to-universities/1295177342"">link</a>"
"August 25, 2017 7:42 PM",STUDENT BEDROOMS FOR RENT IN PRIVATE RENOVATED HOUSE * $500,"276 Hazel St, Waterloo, ON, N2L 3N9",1.258,$500.00,"<a href=""https://www.kijiji.ca/v-room-rental-roommate/kitchener-waterloo/student-bedrooms-for-rent-in-private-renovated-house-500/1292404925"">link</a>"
"August 24, 2017 10:50 PM",Student Suite with Ensuite Bathtub! Unlimited WiFi & Utilities!,"75 Columbia St W, Waterloo, ON N2L 3K7, Canada",1.28,$599.00,"<a href=""https://www.kijiji.ca/v-room-rental-roommate/kitchener-waterloo/student-suite-with-ensuite-bathtub-unlimited-wifi-utilities/1292199777"">link</a>"
"September 5, 2017 10:03 PM",TWO MONTHS F R E E @ 45 COLUMBIA,"45 Columbia Street West, Waterloo, ON, N2L 3K5",1.48,$595.00,"<a href=""https://www.kijiji.ca/v-room-rental-roommate/kitchener-waterloo/two-months-f-r-e-e-45-columbia/1285849471"">link</a>"
"September 6, 2017 7:07 PM",Student Rentals Spruce Street WLU UofW inclusive 1 month Free,"341 Spruce St, Waterloo, ON N2L 3M6, Canada",1.632,$435.00,"<a href=""https://www.kijiji.ca/v-room-rental-roommate/kitchener-waterloo/student-rentals-spruce-street-wlu-uofw-inclusive-1-month-free/1295563203"">link</a>"
"September 6, 2017 1:52 PM",Female Only House All Incl / Onsite Laundry Waterloo,"Kitchener, ON N2L4W3",2.565,$460.00,"<a href=""https://www.kijiji.ca/v-room-rental-roommate/kitchener-waterloo/female-only-house-all-incl-onsite-laundry-waterloo/1295469129"">link</a>"
"September 7, 2017 12:36 PM",2 Rooms for RENT from 1st Jan 2018,"246 Bellehaven Dr, Waterloo, ON N2J 3L6, Canada",2.747,$850.00,"<a href=""https://www.kijiji.ca/v-room-rental-roommate/kitchener-waterloo/2-rooms-for-rent-from-1st-jan-2018/1295723223"">link</a>"
"August 19, 2017 2:31 AM",1/2 Bedroom available for 8 months (Jan-August 2018),"318 Spruce St, Waterloo, ON N2L 3M7, Canada",1.568,$850.00,"<a href=""https://www.kijiji.ca/v-room-rental-roommate/kitchener-waterloo/1-2-bedroom-available-for-8-months-jan-august-2018/1290668029"">link</a>"
"August 27, 2017 1:56 AM",Room for rent in Uptown Waterloo- $450,"Waterloo, ON N2J1K7",1.991,$450.00,"<a href=""https://www.kijiji.ca/v-room-rental-roommate/kitchener-waterloo/room-for-rent-in-uptown-waterloo-450/1292741127"">link</a>"
"August 15, 2017 2:59 PM",Walking distance to UW and WLU,"69 Cardill Crescent, Waterloo, ON N2L 3Y7, Canada",1.362,$415.00,"<a href=""https://www.kijiji.ca/v-room-rental-roommate/kitchener-waterloo/walking-distance-to-uw-and-wlu/1289718082"">link</a>"
"September 5, 2017 10:03 PM",WHO WANTS 3 MONTH'S FOR FREE @ 21 COLUMBIA!?,"21 Columbia Street West, Waterloo, ON, N2L 3K3",1.639,$595.00,"<a href=""https://www.kijiji.ca/v-room-rental-roommate/kitchener-waterloo/who-wants-3-months-for-free-21-columbia/1285850594"">link</a>"
"August 22, 2017 11:09 PM",Two rooms: great for UW/WLU/Conestoga students - women only,"Waterloo, ON N2J3M1",2.56,$500.00,"<a href=""https://www.kijiji.ca/v-room-rental-roommate/kitchener-waterloo/two-rooms:-great-for-uw-wlu-conestoga-students-women-only/1291653786"">link</a>"
"September 4, 2017 7:02 PM",3 & 4 Bedroom Townhouses - Close to Both Universities!,"516 Sunnydale Pl, Waterloo, ON N2L 4T1, Canada",1.911,$450.00,"<a href=""https://www.kijiji.ca/v-room-rental-roommate/kitchener-waterloo/3-4-bedroom-townhouses-close-to-both-universities/1048588583"">link</a>"
"September 8, 2017 11:33 AM","12 month rent - Furnished, All Utilities included","121 University Avenue East, Waterloo, ON N2J, Canada",2.269,$580.00,"<a href=""https://www.kijiji.ca/v-room-rental-roommate/kitchener-waterloo/12-month-rent-furnished-all-utilities-included/1295981000"">link</a>"
"August 17, 2017 1:17 AM",70 Marshall 5 bedroom 5 Bath Suites,"70 Marshall En-suite, Waterloo, ON, N2J 2T4",1.756,$610.00,"<a href=""https://www.kijiji.ca/v-room-rental-roommate/kitchener-waterloo/70-marshall-5-bedroom-5-bath-suites/1254976136"">link</a>"
"August 14, 2017 9:28 PM",Looking for Roommate for September 1st,"340 Westcourt Pl, Waterloo, ON N2L 2R7, Canada",0.863,$500.00,"<a href=""https://www.kijiji.ca/v-room-rental-roommate/kitchener-waterloo/looking-for-roommate-for-september-1st/1289460282"">link</a>"
"August 14, 2017 3:43 PM",1 Spacious Ensuite,"49 Columbia St W, Waterloo, ON N2L 3K4, Canada",1.444,$680.00,"<a href=""https://www.kijiji.ca/v-room-rental-roommate/kitchener-waterloo/1-spacious-ensuite/1289417849"">link</a>"
"August 16, 2017 2:24 PM",Waterloo Room for Rent,"329 Spruce St, Waterloo, ON N2L 3M6, Canada",1.574,$437.80,"<a href=""https://www.kijiji.ca/v-room-rental-roommate/city-of-toronto/waterloo-room-for-rent/1289978071"">link</a>"
"August 16, 2017 2:05 PM",Room rental in Waterloo short term,"81 Columbia St W, Waterloo, ON N2L 3K7, Canada",1.222,$595.00,"<a href=""https://www.kijiji.ca/v-room-rental-roommate/kitchener-waterloo/room-rental-in-waterloo-short-term/1289972568"">link</a>"
"August 25, 2017 9:16 PM","STUDENT RENTAL SEPT 2017 Close to UW WLU, 10 Dunbar Rd North","10 Dunbar Rd N, Waterloo, ON N2L 2C7, Canada",1.111,$450.00,"<a href=""https://www.kijiji.ca/v-room-rental-roommate/kitchener-waterloo/student-rental-sept-2017-close-to-uw-wlu-10-dunbar-rd-north/1292436148"">link</a>"
"September 6, 2017 9:11 PM",Wanted - roommate -- Jan 1/18,"Waterloo, ON N2L1W5",1.436,$470.00,"<a href=""https://www.kijiji.ca/v-room-rental-roommate/kitchener-waterloo/wanted-roommate-jan-1-18/1220995123"">link</a>"
"August 20, 2017 5:48 PM",STUDENT HOUSING WATERLOO/LAURIER *female only,"79 Longwood Dr, Waterloo, ON N2L 4B6, Canada",2.369,$480.00,"<a href=""https://www.kijiji.ca/v-room-rental-roommate/kitchener-waterloo/student-housing-waterloo-laurier-female-only/1291045803"">link</a>"
"September 2, 2017 4:12 PM",HOUSE / Rooms  FOR RENT IMMEDIATELY........ ROOMS STUDENTS,"Waterloo, ON N2L3K8",1.011,$400.00,"<a href=""https://www.kijiji.ca/v-room-rental-roommate/kitchener-waterloo/house-rooms-for-rent-immediately-rooms-students/1267476538"">link</a>"
"September 6, 2017 2:41 PM",SALE - Student Rental - 31 Culpepper Drive - 4 or 8 month leases,"31 Culpepper Dr, Waterloo, ON N2L 5K8, Canada",1.846,$350.00,"<a href=""https://www.kijiji.ca/v-room-rental-roommate/kitchener-waterloo/sale-student-rental-31-culpepper-drive-4-or-8-month-leases/1295483394"">link</a>"
"September 7, 2017 10:24 PM","Subletting a spacious room for Fall 2017, Winter 2018, or both","Waterloo, ON N2J4K7",1.548,$669.00,"<a href=""https://www.kijiji.ca/v-room-rental-roommate/mississauga-peel-region/subletting-a-spacious-room-for-fall-2017-winter-2018-or-both/1295887469"">link</a>"
"August 31, 2017 4:41 AM","*** 4 BDRM 2 BATH *** incl utilities, minutes to LAURIER","106 Peppler St, Waterloo, ON N2J 3C8, Canada",1.681,$400.00,"<a href=""https://www.kijiji.ca/v-room-rental-roommate/kitchener-waterloo/4-bdrm-2-bath-incl-utilities-minutes-to-laurier/1293820813"">link</a>"
"September 5, 2017 10:03 PM",ONE ROOM REMAINING @ 62 UNIVERSITY- 2 MONTHS FREE,"62 University Avenue East, Waterloo, ON, N2J 2V8",1.894,$480.00,"<a href=""https://www.kijiji.ca/v-room-rental-roommate/kitchener-waterloo/one-room-remaining-62-university-2-months-free/1290572937"">link</a>"
"August 18, 2017 3:46 PM",Waterloo Sublet - Room for Another Girl,"329 Spruce St, Waterloo, ON N2L 3M6, Canada",1.574,$437.80,"<a href=""https://www.kijiji.ca/v-room-rental-roommate/city-of-toronto/waterloo-sublet-room-for-another-girl/1290519313"">link</a>"
"September 4, 2017 11:37 AM","Luxury Student Rooms * $1,020.00 SIGNING BONUS * 313 SPRUCE ST","313 Spruce St, Waterloo, ON, N2L 3M6",1.506,$600.00,"<a href=""https://www.kijiji.ca/v-room-rental-roommate/kitchener-waterloo/luxury-student-rooms-1-020-00-signing-bonus-313-spruce-st/1229423974"">link</a>"
"September 5, 2017 11:24 PM",January 2018- April 2018 Sublet Wanted,"168 King St N, Waterloo, ON N2J 2Y3, Canada",1.416,$665.00,"<a href=""https://www.kijiji.ca/v-room-rental-roommate/city-of-toronto/january-2018-april-2018-sublet-wanted/1295358488"">link</a>"
"August 22, 2017 12:09 AM",1 room for rent near UW and WLU,"Waterloo, ON N2L3R8",1.166,$500.00,"<a href=""https://www.kijiji.ca/v-room-rental-roommate/kitchener-waterloo/1-room-for-rent-near-uw-and-wlu/1291408451"">link</a>"
"September 8, 2017 10:26 PM",Room in a Great House - All Inclusive & close to Universities !,"122 Columbia St W, Waterloo, ON N2L 3W6, Canada",0.989,Please Contact,"<a href=""https://www.kijiji.ca/v-room-rental-roommate/kitchener-waterloo/room-in-a-great-house-all-inclusive-close-to-universities/1296150514"">link</a>"
"September 2, 2017 2:46 AM",Room for Rent to Female in Waterloo Home – close to WLU,"262 Casswell Ct, Waterloo, ON N2J 4Y4, Canada",2.748,$500.00,"<a href=""https://www.kijiji.ca/v-room-rental-roommate/kitchener-waterloo/room-for-rent-to-female-in-waterloo-home-close-to-wlu/1294305109"">link</a>"
"September 7, 2017 10:05 AM","Rooms for Rent, Free Internet, Uptown Waterloo - Bus Route","Waterloo, ON N2J2H2",1.858,$385.00,"<a href=""https://www.kijiji.ca/v-room-rental-roommate/kitchener-waterloo/rooms-for-rent-free-internet-uptown-waterloo-bus-route/1295706484"">link</a>"
"September 4, 2017 5:18 PM",Room in a big 2 room apartment in the centre of Waterloo,"300 Regina St N, Waterloo, ON N2J 3C1, Canada",1.705,$700.00,"<a href=""https://www.kijiji.ca/v-room-rental-roommate/kitchener-waterloo/room-in-a-big-2-room-apartment-in-the-centre-of-waterloo/1294923690"">link</a>"
"September 8, 2017 9:32 PM",Walk to UW & Laurier (Incl. Utilities & Internet)- Stillmeadow,"454 Stillmeadow Cir, Waterloo, ON N2L 5M3, Canada",1.747,"$360.00

$375.00","<a href=""https://www.kijiji.ca/v-room-rental-roommate/kitchener-waterloo/walk-to-uw-laurier-incl-utilities-internet-stillmeadow/1284537970"">link</a>"
"September 8, 2017 2:29 PM",Spacious Room Available for Rent,"8 Columbia St W, Waterloo, ON N2L 3K3, Canada",1.754,$425.00,"<a href=""https://www.kijiji.ca/v-room-rental-roommate/kitchener-waterloo/spacious-room-available-for-rent/1296017877"">link</a>"
"August 29, 2017 2:12 AM",One bedroom for rent starting September 1st,"Waterloo, ON N2L4B3",2.023,$510.00,"<a href=""https://www.kijiji.ca/v-room-rental-roommate/kitchener-waterloo/one-bedroom-for-rent-starting-september-1st/1293267378"">link</a>"
"September 4, 2017 8:49 PM",LOOKING FOR SUBLET *2 months paid*,"45 Columbia St W, Waterloo, ON N2L 3K4, Canada",1.48,$595.00,"<a href=""https://www.kijiji.ca/v-room-rental-roommate/kitchener-waterloo/looking-for-sublet-2-months-paid/1295033255"">link</a>"
"August 27, 2017 2:07 PM",ROOMS FOR RENT IN SEPT FOR STUDENTS or WORKING PROFESSIONAL,"377 Hazel St, Waterloo, ON N2L 3P3, Canada",1.41,$500.00,"<a href=""https://www.kijiji.ca/v-room-rental-roommate/kitchener-waterloo/rooms-for-rent-in-sept-for-students-or-working-professional/1292798220"">link</a>"
"August 11, 2017 1:04 AM",Master bedroom near UW,"317 Old Post Rd, Waterloo, ON N2L 5P3, Canada",1.368,Please Contact,"<a href=""https://www.kijiji.ca/v-room-rental-roommate/kitchener-waterloo/master-bedroom-near-uw/1288551899"">link</a>"
"August 24, 2017 7:03 PM",Looking for a Indian couple or Student,"Waterloo, ON N2L6E3",1.129,Please Contact,"<a href=""https://www.kijiji.ca/v-room-rental-roommate/kitchener-waterloo/looking-for-a-indian-couple-or-student/1292128820"">link</a>"
"August 10, 2017 3:26 PM",Student Room Rental Fall 2017 | Waterloo,"Waterloo, ON N2L3W3",0.662,$635.00,"<a href=""https://www.kijiji.ca/v-room-rental-roommate/kitchener-waterloo/student-room-rental-fall-2017-waterloo/1288399725"">link</a>"
"September 5, 2017 4:03 PM",STUDENT ROOM RENTALS - ONLY $495/MONTH/ROOM - 1 AVAILABLE,"62 Dorset St., Waterloo, ON, N2L 3L8",1.372,$495.00,"<a href=""https://www.kijiji.ca/v-room-rental-roommate/kitchener-waterloo/student-room-rentals-only-495-month-room-1-available/1284596225"">link</a>"
"September 6, 2017 1:52 PM",Rooms in a Great House - All Inclusive & close to Universities !,"128 Columbia St W, Waterloo, ON N2L 3K8, Canada",0.963,Please Contact,"<a href=""https://www.kijiji.ca/v-room-rental-roommate/kitchener-waterloo/rooms-in-a-great-house-all-inclusive-close-to-universities/1295469287"">link</a>"
"September 5, 2017 12:49 AM","Rooms for rent in waterloo near WLU,$430/Month including utility","Waterloo, ON N2J2S2",1.925,$430.00,"<a href=""https://www.kijiji.ca/v-room-rental-roommate/kitchener-waterloo/rooms-for-rent-in-waterloo-near-wlu-430-month-including-utility/1295108048"">link</a>"
"August 19, 2017 5:19 AM",QUIET  CLEAN  CLOSE TO U of WATERLOO,"50 McCarron Crescent, Waterloo, ON N2L 5N1, Canada",1.618,$560.00,"<a href=""https://www.kijiji.ca/v-room-rental-roommate/kitchener-waterloo/quiet-clean-close-to-u-of-waterloo/1290022213"">link</a>"
"September 4, 2017 3:53 PM","Basement level, your own  kitchen,  living room and bathroom","Waterloo, ON N2L4N2",2.444,$760.00,"<a href=""https://www.kijiji.ca/v-room-rental-roommate/kitchener-waterloo/basement-level-your-own-kitchen-living-room-and-bathroom/1294907718"">link</a>"
"August 26, 2017 3:16 AM","1 room for rent near UW and WLU , 1 year rental only","Waterloo, ON N2L3R8",1.166,$500.00,"<a href=""https://www.kijiji.ca/v-room-rental-roommate/kitchener-waterloo/1-room-for-rent-near-uw-and-wlu-1-year-rental-only/1292505806"">link</a>"
"September 7, 2017 10:13 PM",Lease takeover,"Waterloo, ON N2L3Z9",2.095,$500.00,"<a href=""https://www.kijiji.ca/v-room-rental-roommate/kitchener-waterloo/lease-takeover/1295884542"">link</a>"
"September 4, 2017 1:07 PM","1 student rooms available Jan, 2018.","398 Churchill Ct, Waterloo, ON N2L 6B4, Canada",1.831,$475.00,"<a href=""https://www.kijiji.ca/v-room-rental-roommate/kitchener-waterloo/1-student-rooms-available-jan-2018/1294848949"">link</a>"
"August 27, 2017 8:19 PM",STILL AVAILABLE! near UofW no lease all utilities in,"Waterloo, ON N2L5N4",1.802,$425.00,"<a href=""https://www.kijiji.ca/v-room-rental-roommate/kitchener-waterloo/still-available-near-uofw-no-lease-all-utilities-in/1292907214"">link</a>"
"September 6, 2017 8:42 PM","One bedroom at 141 Macgregor Crescent starting Jan, 2018","141 Macgregor Crescent, Waterloo, ON N2J 3X2, Canada",2.47,$585.00,"<a href=""https://www.kijiji.ca/v-room-rental-roommate/kitchener-waterloo/one-bedroom-at-141-macgregor-crescent-starting-jan-2018/1295591063"">link</a>"
"September 4, 2017 7:02 PM",Perfect for Students - 5 Bedroom House at 91 Noecker Street!,"91 Noecker St, Waterloo, ON N2J 2R7, Canada",1.804,$450.00,"<a href=""https://www.kijiji.ca/v-room-rental-roommate/kitchener-waterloo/perfect-for-students-5-bedroom-house-at-91-noecker-street/514622254"">link</a>"
"September 6, 2017 11:08 PM",Room for rent close to University of Waterloo,"100 Culpepper Dr, Waterloo, ON N2L 5S1, Canada",1.628,$450.00,"<a href=""https://www.kijiji.ca/v-room-rental-roommate/kitchener-waterloo/room-for-rent-close-to-university-of-waterloo/1295629005"">link</a>"
"September 5, 2017 6:00 PM",UWaterloo Student Needs Room,"Waterloo, ON N2L3G1",0.268,Please Contact,"<a href=""https://www.kijiji.ca/v-room-rental-roommate/kitchener-waterloo/uwaterloo-student-needs-room/1295266852"">link</a>"
"September 6, 2017 2:19 PM",1 Female Room for rent for JANUARY 1st 2018,"267 Hazel St, Waterloo, ON N2L 3P1, Canada",1.198,$475.00,"<a href=""https://www.kijiji.ca/v-room-rental-roommate/kitchener-waterloo/1-female-room-for-rent-for-january-1st-2018/1295476734"">link</a>"
"August 18, 2017 3:08 AM",Room Rental - October rent free & Nov. half rents month free,"Waterloo, ON N2J3B8",1.728,Please Contact,"<a href=""https://www.kijiji.ca/v-room-rental-roommate/kitchener-waterloo/room-rental-october-rent-free-nov-half-rents-month-free/1290427179"">link</a>"
"September 5, 2017 2:45 AM",One room available at 228 Albert,"228 Albert St, Waterloo, ON N2L 3T6, Canada",0.889,$630.00,"<a href=""https://www.kijiji.ca/v-room-rental-roommate/kitchener-waterloo/one-room-available-at-228-albert/1295134256"">link</a>"
"August 30, 2017 10:08 AM",17 Hickory Ideal Location for Students,"17 Hickory St W, Waterloo, ON N2L 3H9, Canada",1.458,$500.00,"<a href=""https://www.kijiji.ca/v-room-rental-roommate/kitchener-waterloo/17-hickory-ideal-location-for-students/1293569247"">link</a>"
"September 2, 2017 11:31 AM",PRIVATE BEDROOM RENTALS * STUDENT HOUSING * MANY OPTIONS!,"269 State St, Waterloo, ON, N2L 3N7",1.281,$445.00,"<a href=""https://www.kijiji.ca/v-room-rental-roommate/kitchener-waterloo/private-bedroom-rentals-student-housing-many-options/1252611360"">link</a>"
"September 1, 2017 1:16 AM",Female Roommate Lease/Sublet (8 months),"180 Regina St N, Waterloo, ON N2J 3B3, Canada",1.559,$590.00,"<a href=""https://www.kijiji.ca/v-room-rental-roommate/kitchener-waterloo/female-roommate-lease-sublet-8-months/1294047048"">link</a>"
"September 5, 2017 10:03 PM",The Deal Of The Century! 2 MONTH'S FREE!!!,"316 King, Waterloo, ON, N2J 2Z2",1.646,$595.00,"<a href=""https://www.kijiji.ca/v-room-rental-roommate/kitchener-waterloo/the-deal-of-the-century-2-months-free/1294084295"">link</a>"
"September 8, 2017 7:40 AM",Room for rent,"Waterloo, ON N2L5C8",2.337,$600.00,"<a href=""https://www.kijiji.ca/v-room-rental-roommate/kitchener-waterloo/room-for-rent/1295966895"">link</a>"
"August 16, 2017 10:24 PM",68 Columbia St W (Starting Jan 2018) - Utilities Included,"68 Columbia St W, Waterloo, ON N2L 3K6, Canada",1.333,$510.00,"<a href=""https://www.kijiji.ca/v-room-rental-roommate/kitchener-waterloo/68-columbia-st-w-starting-jan-2018-utilities-included/1290109961"">link</a>"
"August 31, 2017 6:28 PM",Near Waterloo University,"375 Churchill Ct, Waterloo, ON N2L 6B4, Canada",1.83,$600.00,"<a href=""https://www.kijiji.ca/v-room-rental-roommate/kitchener-waterloo/near-waterloo-university/1293946772"">link</a>"
"August 30, 2017 6:01 AM",Looking for a female roommate in a 2BRD luxurious condo,"265 Westcourt Pl, Waterloo, ON N2L 6E4, Canada",1.016,$700.00,"<a href=""https://www.kijiji.ca/v-room-rental-roommate/kitchener-waterloo/looking-for-a-female-roommate-in-a-2brd-luxurious-condo/1293525905"">link</a>"
"August 30, 2017 11:51 AM",SINGLE ROOMS FOR 3 MONTHS FREE @ 81 COLUMBIA,"81 Columbia Street W, Waterloo, ON, N2L 3K7",1.222,$595.00,"<a href=""https://www.kijiji.ca/v-room-rental-roommate/kitchener-waterloo/single-rooms-for-3-months-free-81-columbia/1285847634"">link</a>"
"August 11, 2017 5:10 PM",large bedroom in a townhouse uptown,"Waterloo, ON N2J4P7",1.775,$600.00,"<a href=""https://www.kijiji.ca/v-room-rental-roommate/kitchener-waterloo/large-bedroom-in-a-townhouse-uptown/1288663427"">link</a>"
"August 28, 2017 5:38 AM","Co-ed Space 2 baths shared, living space. Large Bedrooms","106 Peppler St, Waterloo, ON N2J 3C8, Canada",1.681,$400.00,"<a href=""https://www.kijiji.ca/v-room-rental-roommate/kitchener-waterloo/co-ed-space-2-baths-shared-living-space-large-bedrooms/1293013212"">link</a>"
"August 31, 2017 11:27 AM",ATTN: UW STUDENTS! Massive 5 Bedroom House for September Rental!,"107 McCrae, Waterloo, ON, N2T 1C6",2.637,$535.00,"<a href=""https://www.kijiji.ca/v-room-rental-roommate/kitchener-waterloo/attn:-uw-students-massive-5-bedroom-house-for-september-rental/1285942628"">link</a>"
"September 2, 2017 5:15 AM",Waterloo Service Condo,"321 Spruce St, Waterloo, ON N2L 3M6, Canada",1.534,"$1,580.00","<a href=""https://www.kijiji.ca/v-room-rental-roommate/kitchener-waterloo/waterloo-service-condo/1294305448"">link</a>"
"September 8, 2017 5:53 PM",Female Only House Waterloo Onsite Laundry n All Utilities Incl.,"Waterloo, ON N2L4W3",2.565,$460.00,"<a href=""https://www.kijiji.ca/v-room-rental-roommate/kitchener-waterloo/female-only-house-waterloo-onsite-laundry-n-all-utilities-incl/1296077029"">link</a>"
"September 1, 2017 11:34 AM",STUDENT ROOMS IN PRIVATE HOUSE * 1 minute walk * Newly renovated,"276 Hazel St, Waterloo, ON, N2L 3N9",1.258,$500.00,"<a href=""https://www.kijiji.ca/v-room-rental-roommate/kitchener-waterloo/student-rooms-in-private-house-1-minute-walk-newly-renovated/1286373789"">link</a>"
"September 8, 2017 1:12 AM",4 month winter sublet for 4 single bedrooms,"330 Spruce St, Waterloo, ON N2L 3M7, Canada",1.61,$625.00,"<a href=""https://www.kijiji.ca/v-room-rental-roommate/kitchener-waterloo/4-month-winter-sublet-for-4-single-bedrooms/1295874209"">link</a>"
"September 4, 2017 9:17 PM",319 ERB ST W.....FEMALE/STUDENT SEPTEMBER RENTALS,"319 Erb St W, Waterloo, ON N2L 1W4, Canada",1.593,$490.00,"<a href=""https://www.kijiji.ca/v-room-rental-roommate/kitchener-waterloo/319-erb-st-w-female-student-september-rentals/1295043343"">link</a>"
"August 19, 2017 9:39 PM",CLEAN  QUIET  CLOSE TO U of WATERLOO,"50 McCarron Crescent, Waterloo, ON N2L 5N1, Canada",1.618,$560.00,"<a href=""https://www.kijiji.ca/v-room-rental-roommate/kitchener-waterloo/clean-quiet-close-to-u-of-waterloo/1290083889"">link</a>"
"August 30, 2017 4:42 PM",Room for Rent,"48 Young St E, Waterloo, ON N2J 2L5, Canada",1.682,$750.00,"<a href=""https://www.kijiji.ca/v-room-rental-roommate/kitchener-waterloo/room-for-rent/1293653392"">link</a>"
"September 6, 2017 8:59 PM",Albert and Columbia Street,"Waterloo, ON N2L3S6",1.173,Please Contact,"<a href=""https://www.kijiji.ca/v-room-rental-roommate/kitchener-waterloo/albert-and-columbia-street/1295595651"">link</a>"
"August 22, 2017 11:32 AM",Home Away from Home for the Professional,", Waterloo, Canada",1.771,$700.00,"<a href=""https://www.kijiji.ca/v-room-rental-roommate/kitchener-waterloo/home-away-from-home-for-the-professional/1020826524"">link</a>"
"September 5, 2017 10:03 PM",FLASH SALE: 2 MONTHS FREE!!! 45 COLUMBIA STREET,"45 Columbia Street West, Waterloo, ON, N2L 3K5",1.48,$595.00,"<a href=""https://www.kijiji.ca/v-room-rental-roommate/kitchener-waterloo/flash-sale:-2-months-free-45-columbia-street/1285849542"">link</a>"
"August 11, 2017 6:35 AM",Sage 2 looking for roomate in a 2 bedroom apartment,"318 Spruce St, Waterloo, ON N2L 3M7, Canada",1.568,$850.00,"<a href=""https://www.kijiji.ca/v-room-rental-roommate/kitchener-waterloo/sage-2-looking-for-roomate-in-a-2-bedroom-apartment/1288588421"">link</a>"
"August 25, 2017 12:12 PM",STUDENT BEDROOMS * GREAT LOCATIONS & PRICES * MANY OPTIONS,"134 Columbia St W, Waterloo, ON, N2L 3K8",0.941,$445.00,"<a href=""https://www.kijiji.ca/v-room-rental-roommate/kitchener-waterloo/student-bedrooms-great-locations-prices-many-options/1264638994"">link</a>"
"August 19, 2017 5:12 PM",3 bedroom penthouse 18th floor,"300 Regina St N, Waterloo, ON N2J 3C1, Canada",1.705,"$2,030.00","<a href=""https://www.kijiji.ca/v-room-rental-roommate/kitchener-waterloo/3-bedroom-penthouse-18th-floor/1290798486"">link</a>"
"September 7, 2017 4:39 AM",1 BEDROOM FOR SUBLET CLOSE TO CAMPUS,"Waterloo, ON N2L",0.71,$635.00,"<a href=""https://www.kijiji.ca/v-room-rental-roommate/kitchener-waterloo/1-bedroom-for-sublet-close-to-campus/1262434926"">link</a>"
"August 14, 2017 7:03 PM","Clean room, pool, close to UW","511 Weber St N, Waterloo, ON N2L 4G1, Canada",2.447,$599.00,"<a href=""https://www.kijiji.ca/v-room-rental-roommate/kitchener-waterloo/clean-room-pool-close-to-uw/1289479137"">link</a>"
"September 7, 2017 8:53 PM",ALL Inclusive - Great Rooms in House VERY close to Universities,"128 Columbia St W, Waterloo, ON N2L 3K8, Canada",0.963,Please Contact,"<a href=""https://www.kijiji.ca/v-room-rental-roommate/kitchener-waterloo/all-inclusive-great-rooms-in-house-very-close-to-universities/1295863963"">link</a>"
"August 11, 2017 2:39 PM",All Inclusive -  All Furnished - Large Room,"Waterloo, ON N2L5A2",2.68,$550.00,"<a href=""https://www.kijiji.ca/v-room-rental-roommate/kitchener-waterloo/all-inclusive-all-furnished-large-room/1264283365"">link</a>"
"September 4, 2017 7:02 PM",4 Bedroom Unit at 81 Elgin Cres - Close to Universities!,"81 Elgin Crescent, Waterloo, ON N2J 2S3, Canada",1.897,$500.00,"<a href=""https://www.kijiji.ca/v-room-rental-roommate/kitchener-waterloo/4-bedroom-unit-at-81-elgin-cres-close-to-universities/515405068"">link</a>"
"September 9, 2017 12:00 AM",MyRez on Lester - 1 Room Available - 181 Lester St.,"181 Lester St, Waterloo, ON N2L 3W3, Canada",0.698,$690.00,"<a href=""https://www.kijiji.ca/v-room-rental-roommate/kitchener-waterloo/myrez-on-lester-1-room-available-181-lester-st/1296172513"">link</a>"
"September 9, 2017 2:12 AM",Room for a female student/professional,"74 Churchill St, Waterloo, ON N2L 2X2, Canada",1.714,$425.00,"<a href=""https://www.kijiji.ca/v-room-rental-roommate/kitchener-waterloo/room-for-a-female-student-professional/1296198175"">link</a>"
"September 5, 2017 10:03 PM",TWO MONTHS FREE @ 45 COLUMBIA STREET,"45 Columbia Street West, Waterloo, ON, N2L 3K5",1.48,$595.00,"<a href=""https://www.kijiji.ca/v-room-rental-roommate/kitchener-waterloo/two-months-free-45-columbia-street/1285849568"">link</a>"
"September 5, 2017 1:51 PM",A Nice Room available in the house Walking distance to UW,"235 Cedarbrae Ave, Waterloo, ON N2L 4S7, Canada",2.033,$425.00,"<a href=""https://www.kijiji.ca/v-room-rental-roommate/kitchener-waterloo/a-nice-room-available-in-the-house-walking-distance-to-uw/1295190307"">link</a>"
"September 4, 2017 1:42 PM",FURNISHED-QUIET-INCLUSIVE,"58 Bridgeport Rd E, Waterloo, ON N2J 4H5, Canada",1.883,$580.00,"<a href=""https://www.kijiji.ca/v-room-rental-roommate/kitchener-waterloo/furnished-quiet-inclusive/1294858280"">link</a>"
"August 31, 2017 5:47 PM",Brand New room in basement near WLU,"117 Noecker St, Waterloo, ON N2J 2R9, Canada",2.006,$500.00,"<a href=""https://www.kijiji.ca/v-room-rental-roommate/kitchener-waterloo/brand-new-room-in-basement-near-wlu/1293935963"">link</a>"
"September 3, 2017 3:05 PM","Student Rooms for Rent, Free Internet, Fantastic Location!","Waterloo, ON N2J2H2",1.858,$385.00,"<a href=""https://www.kijiji.ca/v-room-rental-roommate/kitchener-waterloo/student-rooms-for-rent-free-internet-fantastic-location/1294620274"">link</a>"
"September 5, 2017 10:03 PM",ONE ROOM LEFT @  21 COLUMBIA ** 3 MONTH'S FREE,"21 Columbia Street West, Waterloo, ON, N2L 3K3",1.639,$595.00,"<a href=""https://www.kijiji.ca/v-room-rental-roommate/kitchener-waterloo/one-room-left-21-columbia-3-months-free/1285850633"">link</a>"
"August 10, 2017 8:16 AM",Luxury room for rent,"Waterloo, ON N2J2P2",2.7,$590.00,"<a href=""https://www.kijiji.ca/v-room-rental-roommate/city-of-toronto/luxury-room-for-rent/1288331450"">link</a>"
"August 21, 2017 6:54 PM",5 BEDROOM STUDENT HOUSE AVAILABLE SEPT 1ST!!!,"54 Dorset St, Waterloo, ON N2L 3L8, Canada",1.378,$495.00,"<a href=""https://www.kijiji.ca/v-room-rental-roommate/kitchener-waterloo/5-bedroom-student-house-available-sept-1st/1291323013"">link</a>"
"September 8, 2017 1:47 AM",Room for Rent in my Home - Quiet Neighborhood in Waterloo,"197 Cedarvale Crescent, Waterloo, ON N2L 4T3, Canada",2.166,$545.00,"<a href=""https://www.kijiji.ca/v-room-rental-roommate/kitchener-waterloo/room-for-rent-in-my-home-quiet-neighborhood-in-waterloo/1290410260"">link</a>"
"August 15, 2017 2:28 PM",room for rent near WLU ONLY for females,"117 Noecker St, Waterloo, ON N2J 2R9, Canada",2.006,$500.00,"<a href=""https://www.kijiji.ca/v-room-rental-roommate/kitchener-waterloo/room-for-rent-near-wlu-only-for-females/1289708267"">link</a>"
"September 7, 2017 8:12 PM","6 Bedrooms House Rent in Waterloo, near University of Waterloo","32 Cardill Crescent, Waterloo, ON N2L 3Y6, Canada",1.291,Please Contact,"<a href=""https://www.kijiji.ca/v-room-rental-roommate/hamilton/6-bedrooms-house-rent-in-waterloo-near-university-of-waterloo/1295852786"">link</a>"
"August 29, 2017 6:08 PM",Roommate Wanted,"Waterloo, ON N2J2Z1",1.65,$850.00,"<a href=""https://www.kijiji.ca/v-room-rental-roommate/kitchener-waterloo/roommate-wanted/1293411631"">link</a>"
"August 17, 2017 1:17 AM",18 James 5 Bedroom Ensuites *$200 Cash Back Promotion*,"18 James Street, Waterloo, ON, N2J 2S9",1.468,$670.00,"<a href=""https://www.kijiji.ca/v-room-rental-roommate/kitchener-waterloo/18-james-5-bedroom-ensuites-200-cash-back-promotion/1254976126"">link</a>"
"September 5, 2017 3:06 PM",2 rooms in 4 bedrooms unit,"21 Avondale Ave S, Waterloo, ON N2L 2B5, Canada",1.32,$480.00,"<a href=""https://www.kijiji.ca/v-room-rental-roommate/kitchener-waterloo/2-rooms-in-4-bedrooms-unit/1289744347"">link</a>"
"August 27, 2017 8:12 PM",1 year lease take over for a room in a three bedroom unit (all f,"285 Erb St W, Waterloo, ON N2L 1W5, Canada",1.426,$550.00,"<a href=""https://www.kijiji.ca/v-room-rental-roommate/kitchener-waterloo/1-year-lease-take-over-for-a-room-in-a-three-bedroom-unit-all-f/1292845796"">link</a>"
"September 8, 2017 11:29 AM",FURNISHED STUDENT BEDROOM * 1 MONTH FREE * 22 COLUMBIA ST W,"22 Columbia St W, Waterloo, ON, N2L 3K3",1.656,$510.00,"<a href=""https://www.kijiji.ca/v-room-rental-roommate/kitchener-waterloo/furnished-student-bedroom-1-month-free-22-columbia-st-w/1223871109"">link</a>"
"September 8, 2017 6:05 PM",HUGE 17 Feet Long Student Rooms! 1 min to WLU! Free WiFi! $495,"Waterloo, ON N2L3M6",1.535,$495.00,"<a href=""https://www.kijiji.ca/v-room-rental-roommate/kitchener-waterloo/huge-17-feet-long-student-rooms-1-min-to-wlu-free-wifi-495/1296080152"">link</a>"
"August 30, 2017 12:49 AM",Excellent Bungalow in Waterloo (1 of 4 Bed rooms available),"459 Hazel St, Waterloo, ON N2L 3P7, Canada",1.796,$570.00,"<a href=""https://www.kijiji.ca/v-room-rental-roommate/kitchener-waterloo/excellent-bungalow-in-waterloo-1-of-4-bed-rooms-available/1293517430"">link</a>"
"September 8, 2017 8:02 PM",Looking for someone to take my residence contract at UW,"Waterloo, ON N2L3G1",0.268,Please Contact,"<a href=""https://www.kijiji.ca/v-room-rental-roommate/kitchener-waterloo/looking-for-someone-to-take-my-residence-contract-at-uw/1296111146"">link</a>"
"August 15, 2017 12:30 AM",One Bedroom Sublet Available for Winter/Spring/Summer 2018,"75 Columbia St W, Waterloo, ON N2L 3K7, Canada",1.28,$600.00,"<a href=""https://www.kijiji.ca/v-room-rental-roommate/kitchener-waterloo/one-bedroom-sublet-available-for-winter-spring-summer-2018/1289601867"">link</a>"
"September 9, 2017 12:10 AM",** For Sublet - Large Room in a 3BR Apt at WCRI ***,"268 Phillip St, Waterloo, ON N2L 6G9, Canada",0.603,$625.00,"<a href=""https://www.kijiji.ca/v-room-rental-roommate/kitchener-waterloo/for-sublet-large-room-in-a-3br-apt-at-wcri/1296174679"">link</a>"
"August 15, 2017 7:19 PM",walking distance 3 rooms avaiable for rent in September,"292 Hemlock St, Waterloo, ON N2L 3R8, Canada",1.115,$500.00,"<a href=""https://www.kijiji.ca/v-room-rental-roommate/kitchener-waterloo/walking-distance-3-rooms-avaiable-for-rent-in-september/1289764767"">link</a>"
"September 1, 2017 3:10 PM",Beautiful Two Rooms For Rent Close To Waterloo University,"351 Bridle Path Ct, Waterloo, ON N2L 6A3, Canada",1.582,$475.00,"<a href=""https://www.kijiji.ca/v-room-rental-roommate/kitchener-waterloo/beautiful-two-rooms-for-rent-close-to-waterloo-university/1294142064"">link</a>"
"August 17, 2017 1:17 AM",28 University 5 Bed 5 Bath,"28 University Avenue East, Waterloo, ON, N2J 2V8",1.642,$595.00,"<a href=""https://www.kijiji.ca/v-room-rental-roommate/kitchener-waterloo/28-university-5-bed-5-bath/1254976128"">link</a>"
"August 23, 2017 3:23 PM",**WLU & UW STUDENTS MUST SEE**,"130 Marshall St, Waterloo, ON N2J 4E6, Canada",2.159,$450.00,"<a href=""https://www.kijiji.ca/v-room-rental-roommate/kitchener-waterloo/wlu-uw-students-must-see/1291810989"">link</a>"
"August 15, 2017 12:10 AM","Weber St. N. Near UW, bus and LRT","Waterloo, ON N2L4G1",2.46,$599.00,"<a href=""https://www.kijiji.ca/v-room-rental-roommate/kitchener-waterloo/weber-st-n-near-uw-bus-and-lrt/1289592832"">link</a>"
"September 5, 2017 10:03 PM",TWO MONTHS FREE @  45 COLUMBIA,"45 Columbia Street West, Waterloo, ON, N2L 3K5",1.48,$595.00,"<a href=""https://www.kijiji.ca/v-room-rental-roommate/kitchener-waterloo/two-months-free-45-columbia/1285849509"">link</a>"
"September 2, 2017 11:31 AM",BEDROOM RENTAL * HOUSE @ 40 BEECH ST * MAY or SEPT 2017,"40 Beech St, Waterloo, ON, N2L 3H1",1.244,$350.00,"<a href=""https://www.kijiji.ca/v-room-rental-roommate/kitchener-waterloo/bedroom-rental-house-40-beech-st-may-or-sept-2017/1252611373"">link</a>"
"September 5, 2017 1:36 AM",Subletting Room for Rent Near WLU & UW,"98 Marshall St, Waterloo, ON N2J 2T4, Canada",1.926,$465.00,"<a href=""https://www.kijiji.ca/v-room-rental-roommate/kitchener-waterloo/subletting-room-for-rent-near-wlu-uw/1295057065"">link</a>"
"August 27, 2017 10:24 AM","5 bedroom unit on SEAGRAM DR, 2 MINUTE WALK TO BOTH UNIVERSITIES","87 Seagram Dr, Waterloo, ON N2L 3B6, Canada",0.8,$450.00,"<a href=""https://www.kijiji.ca/v-room-rental-roommate/kitchener-waterloo/5-bedroom-unit-on-seagram-dr-2-minute-walk-to-both-universities/1292767788"">link</a>"
"August 22, 2017 4:03 PM",STUDENT ROOM LAURIER/WATERLOO *females preferred,"Waterloo, ON N2L4B6",2.372,$480.00,"<a href=""https://www.kijiji.ca/v-room-rental-roommate/kitchener-waterloo/student-room-laurier-waterloo-females-preferred/1291546036"">link</a>"
"August 25, 2017 3:21 AM",One bedroom for rent in September,"Waterloo, ON N2L4B3",2.023,$510.00,"<a href=""https://www.kijiji.ca/v-room-rental-roommate/kitchener-waterloo/one-bedroom-for-rent-in-september/1292253587"">link</a>"
"August 16, 2017 7:14 PM",room for females near WLU,"117 Noecker St, Waterloo, ON N2J 2R9, Canada",2.006,$500.00,"<a href=""https://www.kijiji.ca/v-room-rental-roommate/kitchener-waterloo/room-for-females-near-wlu/1290061117"">link</a>"
"August 21, 2017 10:23 PM",Conestoga commons sublet (Females only),"Waterloo, ON N2L3H5",1.391,$505.00,"<a href=""https://www.kijiji.ca/v-room-rental-roommate/kitchener-waterloo/conestoga-commons-sublet-females-only/1291381572"">link</a>"
"September 7, 2017 1:39 AM",22 Columbia St $545/mo,"22 Columbia St W, Waterloo, ON N2L 3K3, Canada",1.656,$545.00,"<a href=""https://www.kijiji.ca/v-room-rental-roommate/kitchener-waterloo/22-columbia-st-545-mo/1128732083"">link</a>"
"August 21, 2017 11:15 PM",Room rental with young professionals,"121 University Ave E, Waterloo, ON N2J 4J1, Canada",2.269,$550.00,"<a href=""https://www.kijiji.ca/v-room-rental-roommate/kitchener-waterloo/room-rental-with-young-professionals/1291394794"">link</a>"
"September 4, 2017 1:41 PM",ROOMS FOR RENT!! CLOSE TO ALL AMENITIES AND UNIVERSITIES!!!,"40 High St, Waterloo, ON N2L 3X8, Canada",1.565,$425.00,"<a href=""https://www.kijiji.ca/v-room-rental-roommate/kitchener-waterloo/rooms-for-rent-close-to-all-amenities-and-universities/1294857929"">link</a>"
"August 25, 2017 4:54 PM",Student Room Rental TWO MONTHS FREE!!,"330 Spruce St, Waterloo, ON N2L 3M7, Canada",1.61,$625.00,"<a href=""https://www.kijiji.ca/v-room-rental-roommate/kitchener-waterloo/student-room-rental-two-months-free/1292343001"">link</a>"
"August 25, 2017 4:58 PM",Female Only Sublet Sept 2017 - Jan 2018,"34 Laurel St, Waterloo, ON N2J 2H2, Canada",1.886,$465.00,"<a href=""https://www.kijiji.ca/v-room-rental-roommate/kitchener-waterloo/female-only-sublet-sept-2017-jan-2018/1292363928"">link</a>"
"August 29, 2017 3:46 PM",Winter sublet at 316 King st,"316 King St N, Waterloo, ON N2J 2Z2, Canada",1.646,$600.00,"<a href=""https://www.kijiji.ca/v-room-rental-roommate/city-of-toronto/winter-sublet-at-316-king-st/1293370609"">link</a>"
"August 11, 2017 2:02 PM",Student Rental on Quiet Street,"44 Noecker St, Waterloo, ON N2J 2R4, Canada",1.619,$550.00,"<a href=""https://www.kijiji.ca/v-room-rental-roommate/kitchener-waterloo/student-rental-on-quiet-street/1288634805"">link</a>"
"August 21, 2017 5:49 PM",Rental rooms near UW students welcome. Rent $425/mo,"Waterloo, ON N2V1L7",2.966,$425.00,"<a href=""https://www.kijiji.ca/v-room-rental-roommate/kitchener-waterloo/rental-rooms-near-uw-students-welcome-rent-425-mo/1291304982"">link</a>"
"August 11, 2017 3:40 AM","Room for rent, next to Waterloo Uni","295 Glenridge Dr, Waterloo, ON N2J 3W6, Canada",2.857,$450.00,"<a href=""https://www.kijiji.ca/v-room-rental-roommate/kitchener-waterloo/room-for-rent-next-to-waterloo-uni/1288577693"">link</a>"
"August 10, 2017 6:07 AM",WINTER SUBLET Room Available 1 Minute Walk from WLU Campus,"Waterloo, ON N2L3P1",1.2,Please Contact,"<a href=""https://www.kijiji.ca/v-room-rental-roommate/kitchener-waterloo/winter-sublet-room-available-1-minute-walk-from-wlu-campus/1288328129"">link</a>"
"August 20, 2017 12:42 PM","Quiet Rooms in Victorian Home. Short walk to WLU, groceries...","126 Albert St, Waterloo, ON, N2L 3T1",1.068,$600.00,"<a href=""https://www.kijiji.ca/v-room-rental-roommate/kitchener-waterloo/quiet-rooms-in-victorian-home-short-walk-to-wlu-groceries/1290949265"">link</a>"
"September 5, 2017 10:03 PM",8 MONTH LEASE FOR ONLY $625,"316 King, Waterloo, ON, N2J 2Z2",1.646,$625.00,"<a href=""https://www.kijiji.ca/v-room-rental-roommate/kitchener-waterloo/8-month-lease-for-only-625/1285850259"">link</a>"
"August 12, 2017 3:48 PM",Room for rent . all inclusive walking distance to university,"Waterloo, ON N2J3M9",2.584,$500.00,"<a href=""https://www.kijiji.ca/v-room-rental-roommate/kitchener-waterloo/room-for-rent-all-inclusive-walking-distance-to-university/1288921700"">link</a>"
"September 3, 2017 3:39 AM",Nice Room available in the house Walking distance to UW,"235 Cedarbrae Ave, Waterloo, ON N2L 4S7, Canada",2.033,$425.00,"<a href=""https://www.kijiji.ca/v-room-rental-roommate/kitchener-waterloo/nice-room-available-in-the-house-walking-distance-to-uw/1294557265"">link</a>"
"August 11, 2017 3:15 PM",All Inclusive -  All Furnished - Beautiful Room,"Waterloo, ON N2L5A2",2.68,$550.00,"<a href=""https://www.kijiji.ca/v-room-rental-roommate/kitchener-waterloo/all-inclusive-all-furnished-beautiful-room/1288656013"">link</a>"
"August 30, 2017 5:13 AM",nice rooms rent for students from Sep 2017,"193 Allen St E, Waterloo, ON N2J 1J9, Canada",2.646,$550.00,"<a href=""https://www.kijiji.ca/v-room-rental-roommate/kitchener-waterloo/nice-rooms-rent-for-students-from-sep-2017/1293556812"">link</a>"
"August 14, 2017 9:41 PM",158 ERB ST E... SEPTEMBER STUDENT RENTAL,"158 Erb St E, Waterloo, ON N2J 1M4, Canada",2.262,$450.00,"<a href=""https://www.kijiji.ca/v-room-rental-roommate/kitchener-waterloo/158-erb-st-e-september-student-rental/1289525434"">link</a>"
"August 21, 2017 3:14 AM",Room + board in exchange for child care at a lovely home,"Waterloo, ON N2L4Z6",2.988,$1.00,"<a href=""https://www.kijiji.ca/v-room-rental-roommate/kitchener-waterloo/room-board-in-exchange-for-child-care-at-a-lovely-home/1291180061"">link</a>"
"August 24, 2017 1:00 PM",2018 Jan - Aug. renting room near UW and WLU 5 minutes of walk,"Waterloo, ON N2L3R8",1.166,$500.00,"<a href=""https://www.kijiji.ca/v-room-rental-roommate/kitchener-waterloo/2018-jan-aug-renting-room-near-uw-and-wlu-5-minutes-of-walk/1292038517"">link</a>"
"September 8, 2017 2:09 PM","Large Room for Rent near Universities In Kitchener Waterloo ""","125 Lincoln Rd, Waterloo, ON N2J 2N9, Canada",2.335,$500.00,"<a href=""https://www.kijiji.ca/v-room-rental-roommate/kitchener-waterloo/large-room-for-rent-near-universities-in-kitchener-waterloo/1296011830"">link</a>"
"August 31, 2017 7:50 PM",Rental Rooms with AC & free WiFi on University Rd near Uni/Weber,"265 Glenridge Dr, Waterloo, ON N2J 3W5, Canada",2.691,$400.00,"<a href=""https://www.kijiji.ca/v-room-rental-roommate/kitchener-waterloo/rental-rooms-with-ac-free-wifi-on-university-rd-near-uni-weber/1293969435"">link</a>"
"September 5, 2017 2:17 PM","Upscale, upstairs room in established neighbourhood","Waterloo, ON N2J3W9",2.563,$425.00,"<a href=""https://www.kijiji.ca/v-room-rental-roommate/kitchener-waterloo/upscale-upstairs-room-in-established-neighbourhood/1295197621"">link</a>"
"August 31, 2017 9:22 PM",Room for rent in Uptown Waterloo  $450,"Waterloo, ON N2J1K7",1.991,$450.00,"<a href=""https://www.kijiji.ca/v-room-rental-roommate/kitchener-waterloo/room-for-rent-in-uptown-waterloo-450/1293993769"">link</a>"
"September 5, 2017 9:17 PM",!!! WOW !!! Shared room rental (Girls ONLY please) 5 min to WLU,"28 Elgin St, Waterloo, ON N2J 2R1, Canada",1.559,$495.00,"<a href=""https://www.kijiji.ca/v-room-rental-roommate/kitchener-waterloo/wow-shared-room-rental-girls-only-please-5-min-to-wlu/1289819905"">link</a>"
"August 10, 2017 3:41 PM",Student Room Rental Fall 2017 | Waterloo,"Waterloo, ON N2L3W3",0.662,$625.00,"<a href=""https://www.kijiji.ca/v-room-rental-roommate/kitchener-waterloo/student-room-rental-fall-2017-waterloo/1288404155"">link</a>"
"September 5, 2017 10:03 PM",3 MONTHS FREE RENT @ 21 COLUMBIA,"21 Columbia Street West, Waterloo, ON, N2L 3K3",1.639,$595.00,"<a href=""https://www.kijiji.ca/v-room-rental-roommate/kitchener-waterloo/3-months-free-rent-21-columbia/1285850573"">link</a>"
"August 17, 2017 5:23 PM",Nice Room in House - Pet Friendly - Friday Showing,"42 Westmount Rd S, Waterloo, ON N2L 2K6, Canada",1.483,$460.00,"<a href=""https://www.kijiji.ca/v-room-rental-roommate/kitchener-waterloo/nice-room-in-house-pet-friendly-friday-showing/1290290369"">link</a>"
"August 14, 2017 12:19 AM","Condo for rent to a professional, graduate student or post-doc","255 Keats Way, Waterloo, ON N2L 6N6, Canada",0.88,$900.00,"<a href=""https://www.kijiji.ca/v-room-rental-roommate/kitchener-waterloo/condo-for-rent-to-a-professional-graduate-student-or-post-doc/1289293804"">link</a>"
"August 24, 2017 3:08 PM",Student House In Uptown Area,"40 Laurel St, Waterloo, ON N2J 2H2, Canada",1.899,$475.00,"<a href=""https://www.kijiji.ca/v-room-rental-roommate/kitchener-waterloo/student-house-in-uptown-area/1292072328"">link</a>"
"September 7, 2017 7:25 PM","[King & Columbia],Condo,1 Bedroom, (Clean and Quiet)","375 King St N, Waterloo, ON N2J 4L6, Canada",1.808,Please Contact,"<a href=""https://www.kijiji.ca/v-room-rental-roommate/kitchener-waterloo/king-columbia-condo-1-bedroom-clean-and-quiet/1295839629"">link</a>"
"September 6, 2017 2:12 PM","Rooms for rent - Sept 2017 - near universities, 8 months avail.","121 University Ave, Waterloo, ON N2J 2T7, Canada",2.264,$500.00,"<a href=""https://www.kijiji.ca/v-room-rental-roommate/kitchener-waterloo/rooms-for-rent-sept-2017-near-universities-8-months-avail/1295474741"">link</a>"
"September 4, 2017 1:37 PM",CLEAN-QUIET-NEGOTIABLE-FURNISHED,"58 Bridgeport Rd E, Waterloo, ON N2J 4H5, Canada",1.883,$580.00,"<a href=""https://www.kijiji.ca/v-room-rental-roommate/kitchener-waterloo/clean-quiet-negotiable-furnished/1294856754"">link</a>"
"September 1, 2017 5:43 PM",nice clean room in a three bedrooms apartment for rent,"230 Cedarbrae Ave, Waterloo, ON N2L 4S7, Canada",2.098,$415.00,"<a href=""https://www.kijiji.ca/v-room-rental-roommate/city-of-toronto/nice-clean-room-in-a-three-bedrooms-apartment-for-rent/1294184407"">link</a>"
